RecordNum,Date Time(UTC),P4_mb,P1_mb,T1_C,RH1,T_CS215,RH_CS215,Vbat,N1Cts,N1ET_sec,N1T_C,N1RH
1, 2019/12/01 00:00:00,961.45,961.4,7.2,13.3,4.7,50.9,12.802,2364,3601,10.5,0
2, 2019/12/01 01:00:00,961.79,961.6,6.4,12.6,3.8,51.4,12.761,2282,3599,9.3,0
3, 2019/12/01 02:00:00,961.77,961.6,4.8,12.1,2.6,57.3,12.729,2283,3600,7.7,0
4, 2019/12/01 03:00:00,961.97,961.9,4.2,11.9,2.3,60,12.71,2238,3600,7,0
5, 2019/12/01 04:00:00,962.73,962.6,3.9,11.8,1.8,67.9,12.692,2333,3600,6.5,0
6, 2019/12/01 05:00:00,963.12,963.1,3.3,11.7,1.6,69.8,12.677,2287,3600,6,0
7, 2019/12/01 06:00:00,963.86,963.9,3.4,12.3,1.8,66.3,12.672,2338,3600,5.9,0
8, 2019/12/01 07:00:00,964.76,964.7,3.5,12.9,1.6,69.8,12.663,2300,3600,5.9,0
9, 2019/12/01 08:00:00,965.42,965.3,3.1,13.4,0.9,77.6,12.652,2199,3600,5.5,0
10, 2019/12/01 09:00:00,967.44,967.3,3.3,13.5,1.8,65.3,12.645,2201,3600,5.7,0
11, 2019/12/01 10:00:00,968.47,968.4,3.4,13.6,1.3,64.2,12.638,2179,3600,5.7,0
12, 2019/12/01 11:00:00,969.67,969.5,3,13.4,0.7,64.6,12.629,2197,3601,5.5,0
13, 2019/12/01 12:00:00,971.37,971.2,2.2,12.9,0.4,65.4,12.617,2226,3600,4.8,0
14, 2019/12/01 13:00:00,972.89,972.7,2.2,12.9,0.2,65.1,12.605,2198,3600,4.7,0
15, 2019/12/01 14:00:00,973.52,973.4,1.6,12.9,-0.6,77.8,12.622,2073,3600,4.1,0
16, 2019/12/01 15:00:00,974.47,974.4,1.8,13.1,0.2,67.5,12.639,2072,3600,4.2,0
17, 2019/12/01 16:00:00,975.59,975.6,2.6,13.4,0.8,62.1,12.835,2133,3600,4.8,0
18, 2019/12/01 17:00:00,976.35,976.3,3,13.5,0.9,60.9,13.122,2057,3600,5.3,0
19, 2019/12/01 18:00:00,976.51,976.4,3.3,13.6,1.1,59.9,13.277,2063,3600,5.5,0
20, 2019/12/01 19:00:00,977.06,976.9,3.6,13.6,1.4,59.3,13.192,2088,3600,5.9,0
21, 2019/12/01 20:00:00,978.07,978,3.5,13.5,1,60.7,13,2176,3600,5.8,0
22, 2019/12/01 21:00:00,978.85,978.8,3.3,13.2,1,62.3,12.924,1987,3600,5.7,0
23, 2019/12/01 22:00:00,979.59,979.5,3.3,12.9,1.3,61.3,12.95,2155,3600,5.7,0
24, 2019/12/01 23:00:00,981.58,981.2,3.1,12.7,0.7,65.8,12.682,2004,3600,5.5,0
25, 2019/12/02 00:00:00,982.1,981.8,2.5,12.4,0.2,63.6,12.623,2011,3600,5.1,0
26, 2019/12/02 01:00:00,982.58,982.3,2.1,12.3,-0.1,66.6,12.593,2029,3601,4.6,0
27, 2019/12/02 02:00:00,983.3,983.1,1.7,11.9,-0.4,68.2,12.578,2094,3600,4.2,0
28, 2019/12/02 03:00:00,984.34,984.1,1.3,11.7,-0.5,70.3,12.567,2006,3600,3.9,0
29, 2019/12/02 04:00:00,984.37,984.2,0.5,11.3,-1.5,75.5,12.558,1957,3600,3.2,0
30, 2019/12/02 05:00:00,984.68,984.6,-0.4,10.8,-1.9,74.8,12.548,2019,3600,2.3,0
31, 2019/12/02 06:00:00,984.99,984.7,-1.4,10.5,-2.8,80,12.537,1966,3600,1.5,0
32, 2019/12/02 07:00:00,984.69,984.5,-1.9,10.2,-3.2,79.4,12.527,1926,3600,0.8,0
33, 2019/12/02 08:00:00,985.18,985,-2.5,10,-4.2,82.7,12.519,1884,3600,0.2,0
34, 2019/12/02 09:00:00,985.76,985.7,-3.2,9.8,-4.8,84.4,12.509,2051,3600,-0.5,0
35, 2019/12/02 10:00:00,985.93,985.8,-4.1,9.6,-5.6,86,12.5,1975,3600,-1.3,0
36, 2019/12/02 11:00:00,987.19,987,-4.5,9.6,-4.5,82.9,12.493,1964,3600,-1.7,0
37, 2019/12/02 12:00:00,986.76,986.5,-4.3,9.5,-6.2,87.6,12.488,1968,3601,-1.7,0
38, 2019/12/02 13:00:00,985.99,985.8,-4.3,9.4,-5.6,85.6,12.482,2066,3600,-1.8,0
39, 2019/12/02 14:00:00,986.94,986.8,-5.1,9.3,-5.3,84.4,12.812,1995,3600,-2.3,0
40, 2019/12/02 15:00:00,986.36,986.2,-3.1,9.3,-3,76.2,14.855,2014,3600,-0.5,0
41, 2019/12/02 16:00:00,986.28,986.3,0.4,9.2,-1.7,70,14.779,1915,3600,3.2,0
42, 2019/12/02 17:00:00,985.58,985.6,2.7,8.9,1.5,52.6,13.386,1917,3600,6.2,0
43, 2019/12/02 18:00:00,984.43,984.5,5,8.8,3.4,42.8,13.221,1990,3600,8.9,0
44, 2019/12/02 19:00:00,983.12,983.2,7.2,8.6,5.1,28,14.571,1962,3600,10.7,0
45, 2019/12/02 20:00:00,981.94,982,9.7,8.4,7.6,27.8,14.078,2093,3600,12.7,0
46, 2019/12/02 21:00:00,980.87,980.9,11.9,8,9.3,24.3,14.039,1966,3600,14.5,0
47, 2019/12/02 22:00:00,980.64,980.6,11.8,7.6,8.8,24.4,14.03,2102,3600,14.6,0
48, 2019/12/02 23:00:00,979.86,979.9,8.9,7.3,5.3,32.2,13.003,2111,3600,12.5,0
49, 2019/12/03 00:00:00,979.78,979.8,2.9,7.2,-1.4,59.8,12.81,2076,3600,7.3,0
50, 2019/12/03 01:00:00,980.12,979.9,-0.7,7.1,-2.9,71,12.75,2074,3600,3.7,0
51, 2019/12/03 02:00:00,979.48,979.5,-1.3,7.2,1.5,48.8,12.712,2147,3601,2.3,0
52, 2019/12/03 03:00:00,979.67,979.6,-0.5,7.1,-2.6,72.6,12.693,2010,3600,2.5,0
53, 2019/12/03 04:00:00,978.61,978.7,0.3,7.2,1.7,55.4,12.679,2030,3600,2.8,0
54, 2019/12/03 05:00:00,977.96,977.8,1.9,7.2,1.6,54.8,12.675,2124,3600,4.1,0
55, 2019/12/03 06:00:00,977.65,977.6,1,7.1,-1.3,68.9,12.66,2108,3600,3.6,0
56, 2019/12/03 07:00:00,976.09,976.2,2.1,7.2,2.4,54.5,12.656,2141,3600,4.4,0
57, 2019/12/03 08:00:00,976.04,976.2,3.3,7.2,1.6,58.2,12.655,2021,3600,5.4,0
58, 2019/12/03 09:00:00,976.37,976.3,0.3,7.1,-2.5,78,12.633,2110,3600,3.5,0
59, 2019/12/03 10:00:00,975.52,975.5,-1.8,7.1,-3.6,85.7,12.609,2098,3600,1.5,0
60, 2019/12/03 11:00:00,975.61,975.6,-2.2,7.2,-3.5,86.3,12.596,2100,3600,0.9,0
61, 2019/12/03 12:00:00,975.51,975.5,-1.9,7.3,-0.3,73.1,12.585,2093,3600,0.8,0
62, 2019/12/03 13:00:00,975.24,975.1,-1.2,7.3,-2.2,84.4,12.578,2089,3600,1.2,0
63, 2019/12/03 14:00:00,975.09,975.1,-1.2,7.3,-1.1,81.4,12.598,2113,3601,1.3,0
64, 2019/12/03 15:00:00,975.48,975.4,0.3,7.4,1.5,71.5,14.769,2108,3600,2.5,0
65, 2019/12/03 16:00:00,975.45,975.6,4.3,7.5,3.5,67.3,14.657,2096,3600,6.4,0
66, 2019/12/03 17:00:00,975.36,975.6,7.4,7.3,7.9,50.9,13.347,2175,3600,10.2,0
67, 2019/12/03 18:00:00,974.82,975,10.8,7.2,11.2,42.1,13.102,2164,3600,14.1,0
68, 2019/12/03 19:00:00,974.37,974.5,14.5,7,13.5,34.1,14.354,2142,3600,17.4,0
69, 2019/12/03 20:00:00,974.14,974.3,16.8,6.9,14.2,33.7,13.885,2131,3600,19.6,0
70, 2019/12/03 21:00:00,974.05,974.3,17.8,6.6,15.2,31.1,13.864,2173,3600,20.7,0
71, 2019/12/03 22:00:00,974.56,974.8,17.8,6.5,15.1,31.7,13.857,2210,3600,20.8,0
72, 2019/12/03 23:00:00,975.25,975.4,15.7,6.4,12.3,37.7,13.008,2189,3600,19.1,0
73, 2019/12/04 00:00:00,975.87,975.8,11.2,6.4,6.9,50.9,12.841,2052,3600,15.3,0
74, 2019/12/04 01:00:00,976.28,976.2,5.4,6.5,1.4,70,12.783,2063,3600,10.2,0
75, 2019/12/04 02:00:00,976.6,976.5,2,6.6,-0.8,79.5,12.734,2114,3600,6.5,0
76, 2019/12/04 03:00:00,976.74,976.6,0,6.6,-1.9,85,12.694,2148,3600,4,0
77, 2019/12/04 04:00:00,976.93,976.7,-0.9,6.7,-2.1,85.7,12.663,2091,3600,2.6,0
78, 2019/12/04 05:00:00,977.33,977.1,-1,6.7,0,79.5,12.64,2152,3600,2,0
79, 2019/12/04 06:00:00,977.65,977.5,-0.9,6.8,-2.9,89.8,12.626,2070,3600,1.8,0
80, 2019/12/04 07:00:00,977.78,977.7,-1.6,6.8,-2,86.8,12.61,2102,3600,1.2,0
81, 2019/12/04 08:00:00,977.34,977.3,-1.8,6.8,-3.2,92.9,12.598,2055,3601,0.9,0
82, 2019/12/04 09:00:00,977.58,977.7,-1.9,7,-1,86,12.588,2089,3600,0.7,0
83, 2019/12/04 10:00:00,977.47,977.4,-1.1,7.1,-3,92.5,12.583,2099,3600,1.2,0
84, 2019/12/04 11:00:00,977.64,977.6,-1.6,7.1,-2.7,94.4,12.575,2095,3600,0.9,0
85, 2019/12/04 12:00:00,977.62,977.7,-1.2,7.2,-2.4,94.3,12.57,2090,3600,1.1,0
86, 2019/12/04 13:00:00,977.89,977.9,-1.6,7.2,-2,91.5,12.562,2097,3600,0.9,0
87, 2019/12/04 14:00:00,978.34,978.3,-1.3,7.3,-0.3,87,12.984,2077,3600,1.2,0
88, 2019/12/04 15:00:00,978.43,978.5,1.9,7.4,2.7,78.6,14.712,2154,3600,4.1,0
89, 2019/12/04 16:00:00,978.66,978.9,5.3,7.3,4.6,71.5,14.621,2092,3600,7.6,0
90, 2019/12/04 17:00:00,978.33,978.5,7.9,7.2,7.5,59.8,13.502,2082,3600,10.9,0
91, 2019/12/04 18:00:00,977.72,977.9,10.9,7,10.6,48.3,13.277,2159,3600,14.3,0
92, 2019/12/04 19:00:00,976.87,977.1,13.5,6.8,12,44,13.987,2131,3600,16.7,0
93, 2019/12/04 20:00:00,976.3,976.5,16.3,6.7,14.2,37.1,13.882,2080,3600,19.3,0
94, 2019/12/04 21:00:00,976.73,976.8,17.3,6.4,14.1,37.8,13.791,2146,3600,20.4,0
95, 2019/12/04 22:00:00,976.37,976.6,15,6.4,12.8,44.5,13.235,2117,3600,18.7,0
96, 2019/12/04 23:00:00,976.26,976.4,12.9,6.3,9.7,57,12.9,2064,3600,16.7,0
97, 2019/12/05 00:00:00,976.67,976.6,8.9,6.5,5.2,70.7,12.824,2077,3601,13.2,0
98, 2019/12/05 01:00:00,976.43,976.6,6.1,6.5,3.1,76.1,12.774,2041,3600,10.2,0
99, 2019/12/05 02:00:00,976.62,976.5,3.9,6.6,1.3,82.8,12.733,2032,3600,7.9,0
100, 2019/12/05 03:00:00,976.41,976.4,2,6.7,0,85.3,12.698,2134,3600,5.7,0
101, 2019/12/05 04:00:00,976.61,976.5,0.8,6.7,0.6,86.8,12.668,2163,3600,4.3,0
102, 2019/12/05 05:00:00,976.48,976.4,0,6.8,-1.6,91.2,12.643,2072,3600,3.2,0
103, 2019/12/05 06:00:00,976.83,976.6,-0.9,6.9,-2.5,95.4,12.623,2079,3600,2.3,0
104, 2019/12/05 07:00:00,976.36,976.3,-1.4,6.9,-3.1,93.9,12.604,2131,3600,1.6,0
105, 2019/12/05 08:00:00,975.76,975.8,-2,7,-3.2,95.8,12.588,2136,3600,0.9,0
106, 2019/12/05 09:00:00,975.91,975.9,-2.3,7,-3.6,96.6,12.574,2062,3600,0.4,0
107, 2019/12/05 10:00:00,975.36,975.5,-2.6,7.1,-4.1,96.5,12.562,2115,3600,0,0
108, 2019/12/05 11:00:00,975.13,975.2,-2.8,7.1,-3.6,96.7,12.553,2065,3600,-0.2,0
109, 2019/12/05 12:00:00,974.84,974.9,-2.9,7.1,-4.1,97.7,12.546,2096,3601,-0.4,0
110, 2019/12/05 13:00:00,974.97,975.1,-2.9,7.2,-4.1,97.5,12.54,2152,3600,-0.5,0
111, 2019/12/05 14:00:00,975.07,975.2,-2.8,7.3,-3.2,93.9,12.976,2081,3600,-0.3,0
112, 2019/12/05 15:00:00,975.09,975.2,-0.8,7.4,-1.1,95.3,13.098,2146,3600,1.3,0
113, 2019/12/05 16:00:00,974.76,974.9,2.7,7.4,2.6,88.2,13.98,2159,3600,4.5,0
114, 2019/12/05 17:00:00,974.21,974.3,5.9,7.4,7.7,74.6,13.668,2169,3600,8.1,0
115, 2019/12/05 18:00:00,973.17,973.5,12.3,7.1,13.8,46.6,13.251,2109,3600,14.6,0
116, 2019/12/05 19:00:00,972.32,972.7,17.2,6.8,15.7,41.5,14.264,2182,3600,19.6,0
117, 2019/12/05 20:00:00,972.08,972.2,19.5,6.5,15.9,38.4,14.207,2210,3600,22.3,0
118, 2019/12/05 21:00:00,972.18,972.5,20,6.3,16.6,37.2,13.797,2148,3600,23.1,0
119, 2019/12/05 22:00:00,973.07,973.3,18.9,6.2,15,41.7,13.852,2139,3600,22.3,0
120, 2019/12/05 23:00:00,974.05,974.2,15.6,6.3,12,50.9,12.898,2162,3600,19.5,0
121, 2019/12/06 00:00:00,975.08,975.3,12.3,6.4,9.4,62.1,12.829,2045,3600,16.6,0
122, 2019/12/06 01:00:00,975.3,975.4,9.7,6.5,7,71.3,12.787,2173,3600,13.8,0
123, 2019/12/06 02:00:00,976.19,976.3,8.5,6.6,6.5,73.5,12.752,2118,3600,12.1,0
124, 2019/12/06 03:00:00,977.92,978,8.1,6.7,9.1,64.2,12.727,2083,3600,11.3,0
125, 2019/12/06 04:00:00,979.44,979.5,10.2,6.7,9.3,65.7,12.715,2054,3600,12.7,0
126, 2019/12/06 05:00:00,980.43,980.6,10.1,6.9,7.8,67,12.7,2040,3600,12.7,0
127, 2019/12/06 06:00:00,981.99,982.1,8.2,7,5.3,71.1,12.677,2024,3600,11.3,0
128, 2019/12/06 07:00:00,983.32,983.4,6,7.2,3.5,77.4,12.647,2081,3600,9.2,0
129, 2019/12/06 08:00:00,984.36,984.5,5.2,7.4,3.1,80.4,12.627,2000,3600,8.1,0
130, 2019/12/06 09:00:00,985.67,985.4,4.8,7.6,2.5,80.8,12.612,1943,3600,7.5,0
131, 2019/12/06 10:00:00,986.58,986.4,4.2,7.7,2,79.9,12.607,2057,3601,6.9,0
132, 2019/12/06 11:00:00,987.29,987.2,3.6,7.8,1,78.9,12.597,1981,3600,6.2,0
133, 2019/12/06 12:00:00,988.27,988.1,2.7,7.9,0.1,78.5,12.585,2055,3600,5.4,0
134, 2019/12/06 13:00:00,989.36,989.2,1.6,7.8,-0.9,80.7,12.572,1995,3600,4.3,0
135, 2019/12/06 14:00:00,990.34,990.1,0.4,7.7,-1.3,82.1,12.633,1839,3600,3.2,0
136, 2019/12/06 15:00:00,990.88,990.8,0.8,7.7,-0.6,77.3,14.752,1931,3600,3.5,0
137, 2019/12/06 16:00:00,991.48,991.5,2.4,7.7,0.4,71.3,14.713,1894,3600,5,0
138, 2019/12/06 17:00:00,992,991.9,3.5,7.7,1.5,65.6,13.685,1860,3600,6.5,0
139, 2019/12/06 18:00:00,991.21,991.2,4.7,7.7,2.6,56.7,13.346,1898,3600,8.1,0
140, 2019/12/06 19:00:00,989.97,990.1,6.3,7.5,3.7,53.4,14.58,1895,3600,9.6,0
141, 2019/12/06 20:00:00,989.44,989.5,7.7,7.3,4.7,46.7,14.155,2014,3600,10.8,0
142, 2019/12/06 21:00:00,989.61,989.8,8.9,7,5.5,44.4,14.122,2015,3600,11.7,0
143, 2019/12/06 22:00:00,989.89,990.1,9.1,6.8,5.6,41.7,14.118,1902,3600,11.9,0
144, 2019/12/06 23:00:00,989.89,989.9,7.3,6.6,4.1,45,13.05,1936,3600,10.7,0
145, 2019/12/07 00:00:00,990.14,990,1.5,6.5,-2.7,73.2,12.811,1938,3600,6,0
146, 2019/12/07 01:00:00,990.17,990.2,-1.7,6.6,-4.2,81.6,12.741,1857,3600,2.5,0
147, 2019/12/07 02:00:00,990.49,990.4,-3.3,6.6,-5.3,85.5,12.693,2028,3601,0.5,0
148, 2019/12/07 03:00:00,990.16,990.2,-4.1,6.6,-5.9,89.4,12.661,1928,3600,-0.7,0
149, 2019/12/07 04:00:00,990.11,990.2,-4.6,6.7,-4.7,85.9,12.635,1947,3600,-1.6,0
150, 2019/12/07 05:00:00,989.62,989.7,-4.9,6.7,-5.8,90.4,12.614,2033,3600,-2,0
151, 2019/12/07 06:00:00,989.87,990,-5,6.8,-5.9,91.1,12.594,1907,3600,-2.3,0
152, 2019/12/07 07:00:00,989.14,989.2,-4.7,6.9,-4.2,86.4,12.576,1960,3600,-2.2,0
153, 2019/12/07 08:00:00,989.12,989.2,-4.4,6.9,-4.6,86.6,12.56,1944,3600,-2.1,0
154, 2019/12/07 09:00:00,988.96,989,-4.7,7,-5.6,91,12.543,2036,3600,-2.3,0
155, 2019/12/07 10:00:00,988.16,988.3,-5,7.1,-4.7,89.8,12.529,1966,3600,-2.4,0
156, 2019/12/07 11:00:00,987.94,987.9,-3.9,7.2,-3.2,84.7,12.523,1965,3601,-1.7,0
157, 2019/12/07 12:00:00,987.54,987.6,-3.3,7.2,-2.5,82.7,12.523,1952,3600,-1.1,0
158, 2019/12/07 13:00:00,987.56,987.6,-3.7,7.2,-5,90.6,12.519,1998,3600,-1.2,0
159, 2019/12/07 14:00:00,987.26,987.3,-4.4,7.2,-3.7,84.5,12.902,1949,3600,-1.6,0
160, 2019/12/07 15:00:00,986.77,986.9,-0.3,7.4,1,73.3,14.808,1940,3600,1.5,0
161, 2019/12/07 16:00:00,986.49,986.6,3.8,7.3,4,61.8,14.655,1976,3600,5.5,0
162, 2019/12/07 17:00:00,985.64,985.9,7.2,7.2,6.7,48.5,13.505,1931,3600,9.3,0
163, 2019/12/07 18:00:00,984.13,984.4,9.9,7,9.6,38,13.231,2042,3600,12.6,0
164, 2019/12/07 19:00:00,982.59,982.8,12.8,6.7,11.5,33.7,14.019,1976,3600,15.4,0
165, 2019/12/07 20:00:00,981.18,981.5,15,6.6,13,29.6,13.914,2052,3600,17.4,0
166, 2019/12/07 21:00:00,980.23,980.5,16.2,6.4,13.9,27.5,13.913,2159,3600,18.6,0
167, 2019/12/07 22:00:00,979.36,979.6,16,6.2,13.5,28.9,13.913,2082,3600,18.8,0
168, 2019/12/07 23:00:00,978.67,978.9,13.9,6.1,10,37.4,12.931,2115,3600,17.2,0
169, 2019/12/08 00:00:00,978.13,978.4,10.6,6.1,8.8,40.7,12.834,2092,3600,14.4,0
170, 2019/12/08 01:00:00,978.04,978.1,9.5,6.1,8,42.3,12.793,2087,3600,13,0
171, 2019/12/08 02:00:00,977.19,977.4,8.9,6.1,7.5,43.5,12.764,2075,3600,12,0
172, 2019/12/08 03:00:00,976.74,977,8.7,6.1,7.6,42.9,12.743,2112,3600,11.7,0
173, 2019/12/08 04:00:00,977.01,977.2,8.4,6.1,6.4,47.3,12.723,2166,3600,11.3,0
174, 2019/12/08 05:00:00,976.81,976.8,6.9,6.1,5,52.1,12.7,2132,3601,10,0
175, 2019/12/08 06:00:00,976.11,976.2,5.6,6,4.2,55.7,12.676,2038,3600,8.8,0
176, 2019/12/08 07:00:00,974.68,974.8,4.9,6.1,4.6,61.2,12.655,2109,3600,8.1,0
177, 2019/12/08 08:00:00,974.03,974.2,5.8,6.2,5.6,64.2,12.643,2143,3600,8.5,0
178, 2019/12/08 09:00:00,973.76,973.9,6.3,6.3,5,70.2,12.633,2233,3600,8.9,0
179, 2019/12/08 10:00:00,972.69,972.9,4.8,6.3,1.6,83,12.615,2177,3600,7.8,0
180, 2019/12/08 11:00:00,972,972.3,3.4,6.4,5,79.7,12.598,2181,3600,6.6,0
181, 2019/12/08 12:00:00,971.55,971.9,6.2,6.5,6.5,74.7,12.603,2152,3600,8.4,0
182, 2019/12/08 13:00:00,971.53,971.8,7.1,6.6,5.9,78.1,12.605,2206,3600,9.4,0
183, 2019/12/08 14:00:00,971.28,971.6,6.4,6.6,5.4,81.7,12.666,2213,3600,9.1,0
184, 2019/12/08 15:00:00,971.35,971.5,7.5,6.8,6.8,78.4,13.147,2146,3600,10,0
185, 2019/12/08 16:00:00,971.34,971.5,8.9,6.8,7.8,74.8,13.131,2202,3600,11.3,0
186, 2019/12/08 17:00:00,970.78,971.1,10.7,6.8,9.2,68.2,13.37,2238,3600,12.8,0
187, 2019/12/08 18:00:00,969.46,969.7,12,6.8,10,64.3,13.312,2222,3600,14.3,0
188, 2019/12/08 19:00:00,967.93,968.3,12.7,6.7,10.4,63.5,13.309,2317,3600,15,0
189, 2019/12/08 20:00:00,967.96,968.3,13,6.7,10.9,60.6,13.134,2195,3600,15.5,0
190, 2019/12/08 21:00:00,967.45,967.8,12.5,6.7,10.4,63.3,13.02,2277,3600,15.3,0
191, 2019/12/08 22:00:00,967.03,967.3,12.2,6.6,10,65.6,12.897,2208,3600,15,0
192, 2019/12/08 23:00:00,966.99,967.2,10.8,6.6,8.3,72.2,12.799,2240,3600,14,0
193, 2019/12/09 00:00:00,966.8,967.1,8.7,6.7,5.6,82.2,12.758,2230,3600,12.1,0
194, 2019/12/09 01:00:00,966.96,967.1,6.9,6.8,4.7,84.8,12.714,2213,3600,10.4,0
195, 2019/12/09 02:00:00,966.51,966.7,6.4,6.9,5.2,84.9,12.675,2281,3600,9.6,0
196, 2019/12/09 03:00:00,965.8,965.9,5.2,6.9,2.7,91,12.642,2289,3600,8.5,0
197, 2019/12/09 04:00:00,965.42,965.5,5.2,7.1,4.5,89.9,12.617,2283,3601,8.1,0
198, 2019/12/09 05:00:00,964.91,965.1,6.3,7.2,4.5,91.3,12.606,2221,3600,8.8,0
199, 2019/12/09 06:00:00,964.58,964.8,5.7,7.2,4,91.8,12.595,2307,3600,8.4,0
200, 2019/12/09 07:00:00,963.85,964.1,4.2,7.2,2,96.9,12.581,2264,3600,7.3,0
201, 2019/12/09 08:00:00,963.74,963.9,2.6,7.2,-0.2,97.8,12.568,2290,3600,5.8,0
202, 2019/12/09 09:00:00,963.54,963.7,0.8,7.3,-1.3,99.3,12.552,2314,3600,4.1,0
203, 2019/12/09 10:00:00,964.14,964.5,0.1,7.4,-1.9,100,12.541,2359,3600,3.1,0
204, 2019/12/09 11:00:00,965.09,965.4,0.1,7.5,-1.2,100,12.534,2324,3600,2.8,0
205, 2019/12/09 12:00:00,966.88,967.1,0.2,7.6,1.2,100,12.532,2281,3600,2.8,0
206, 2019/12/09 13:00:00,969.33,969.6,2.8,8,1,89,12.547,2345,3600,4.8,0
207, 2019/12/09 14:00:00,971.51,971.7,1.8,8.7,-1.4,78.1,12.558,2323,3600,4.2,0
208, 2019/12/09 15:00:00,973.51,973.7,0.5,9,-3.6,71.1,13.335,2165,3600,3.1,0
209, 2019/12/09 16:00:00,976.04,976.1,-1.1,9.3,-5.3,68.1,13.373,2154,3600,1.6,0
210, 2019/12/09 17:00:00,976.5,976.4,-1.4,9.4,-3.7,62.2,13.855,2222,3601,1.5,0
211, 2019/12/09 18:00:00,976.7,976.9,-0.8,9.5,-3.2,53.9,13.498,2126,3600,2.3,0
212, 2019/12/09 19:00:00,977.16,977.2,0.4,9.4,-2.5,50.4,14.771,2196,3600,3.2,0
213, 2019/12/09 20:00:00,977.52,977.4,1.2,9.2,-2.2,49.6,14.347,2098,3600,3.8,0
214, 2019/12/09 21:00:00,978.21,978.2,1.7,8.9,-1.8,47.4,14.33,2151,3600,4.2,0
215, 2019/12/09 22:00:00,979.55,979.6,1.4,8.6,-2.4,50.2,14.37,2114,3600,3.8,0
216, 2019/12/09 23:00:00,980.23,980.3,-0.6,8.4,-3.7,54.3,13.123,2145,3600,2.2,0
217, 2019/12/10 00:00:00,981.26,981.3,-2.5,8.3,-4.6,59.1,12.801,2038,3600,0.5,0
218, 2019/12/10 01:00:00,981.91,981.9,-4.3,8,-6.3,67.5,12.738,2158,3600,-1.2,0
219, 2019/12/10 02:00:00,982.6,982.8,-6.6,7.8,-8.7,82,12.693,2086,3600,-3.3,0
220, 2019/12/10 03:00:00,983.26,983.3,-8.1,7.7,-9.9,86.5,12.656,2119,3600,-4.8,0
221, 2019/12/10 04:00:00,983.74,983.9,-8.9,7.6,-10.4,89,12.624,2056,3601,-5.9,0
222, 2019/12/10 05:00:00,983.93,984.1,-9.3,7.5,-10.3,88.7,12.598,2083,3600,-6.5,0
223, 2019/12/10 06:00:00,983.7,983.9,-8.7,7.6,-8.4,81.6,12.58,1959,3600,-6.2,0
224, 2019/12/10 07:00:00,983.66,983.9,-8.6,7.5,-8,78.8,12.56,2010,3600,-6,0
225, 2019/12/10 08:00:00,983.7,984,-8.5,7.5,-8.8,86.8,12.537,2006,3600,-6,0
226, 2019/12/10 09:00:00,983.42,983.6,-8.4,7.6,-6.3,71.6,12.516,2000,3600,-5.8,0
227, 2019/12/10 10:00:00,983.44,983.7,-7.2,7.6,-7.1,76.3,12.497,2029,3600,-5,0
228, 2019/12/10 11:00:00,983.97,984.3,-7.1,7.6,-6.7,75,12.482,2087,3601,-4.6,0
229, 2019/12/10 12:00:00,985.03,985.2,-6.9,7.6,-7.7,80,12.474,2084,3600,-4.3,0
230, 2019/12/10 13:00:00,985.82,986.1,-8,7.5,-10,88.4,12.461,2027,3600,-5.3,0
231, 2019/12/10 14:00:00,987.11,987.4,-9,7.5,-9.9,88.3,12.763,2087,3600,-6.1,0
232, 2019/12/10 15:00:00,988.41,988.6,-6.6,7.7,-3.8,67.6,14.957,2010,3600,-4.1,0
233, 2019/12/10 16:00:00,988.76,988.9,-1.8,7.7,-2.5,73.4,14.835,1948,3600,0.5,0
234, 2019/12/10 17:00:00,989.21,989.4,1.1,7.7,-0.8,57.9,14.771,2025,3600,3.3,0
235, 2019/12/10 18:00:00,989.15,989.3,2.4,7.6,-0.8,53.1,13.695,2065,3600,5.1,0
236, 2019/12/10 19:00:00,988.92,989.1,3.5,7.5,0.2,42.3,14.276,1890,3601,6.3,0
237, 2019/12/10 20:00:00,989.06,989.2,3.5,7.4,-0.7,45.7,14.147,1966,3600,6.3,0
238, 2019/12/10 21:00:00,988.92,989,3.3,7.2,0.7,41,14.307,1929,3600,6.1,0
239, 2019/12/10 22:00:00,989.3,989.4,2.9,7,0.1,39.5,13.15,2049,3600,5.5,0
240, 2019/12/10 23:00:00,989.52,989.7,1.9,6.9,-0.9,44.3,12.853,1993,3600,4.6,0
241, 2019/12/11 00:00:00,990.24,990.2,0.1,6.8,-2.5,53.4,12.79,1898,3600,3.2,0
242, 2019/12/11 01:00:00,990.39,990.4,-0.8,6.7,-2.7,61.2,12.752,1968,3600,2.2,0
243, 2019/12/11 02:00:00,990.32,990.4,-1.5,6.6,-4.1,70.9,12.722,1954,3600,1.4,0
244, 2019/12/11 03:00:00,990.25,990.3,-3.8,6.6,-6.4,75.8,12.688,1924,3600,-0.5,0
245, 2019/12/11 04:00:00,990.06,990.1,-5.3,6.5,-7,82.9,12.656,1899,3600,-2.1,0
246, 2019/12/11 05:00:00,989.93,990.1,-5.9,6.6,-7.9,83.3,12.631,1969,3600,-2.9,0
247, 2019/12/11 06:00:00,989.47,989.7,-6.5,6.6,-7,84.5,12.608,1878,3600,-3.6,0
248, 2019/12/11 07:00:00,989.08,989.2,-5.9,6.7,-6.8,81.6,12.589,1908,3601,-3.5,0
249, 2019/12/11 08:00:00,988.93,989.1,-6.3,6.8,-7.3,85.2,12.566,1969,3600,-3.9,0
250, 2019/12/11 09:00:00,988.75,989,-6.7,6.7,-6.7,81.5,12.543,1951,3600,-4.1,0
251, 2019/12/11 10:00:00,988.36,988.6,-6.9,6.8,-6.7,84.6,12.518,1981,3600,-4.1,0
252, 2019/12/11 11:00:00,988.24,988.5,-5.2,7,-2.1,67.6,12.507,1930,3600,-3.2,0
253, 2019/12/11 12:00:00,987.83,988.1,-2.5,7.1,-1.1,63.4,12.512,1913,3600,-1,0
254, 2019/12/11 13:00:00,988.57,988.8,-1,7.1,-1.5,64,12.519,1984,3600,0.7,0
255, 2019/12/11 14:00:00,989.33,989.5,-1.4,7,-1.7,64.7,12.79,2021,3600,0.9,0
256, 2019/12/11 15:00:00,989.97,990.2,0.7,7,1.2,54,14.771,1930,3601,3.1,0
257, 2019/12/11 16:00:00,990.19,990.4,3.7,7,2.5,50.1,14.695,1969,3600,6.1,0
258, 2019/12/11 17:00:00,990.65,990.8,5.7,6.8,3.8,45.7,13.558,1969,3600,8.8,0
259, 2019/12/11 18:00:00,989.37,989.7,7.2,6.7,6.6,37.9,13.266,1963,3600,11.2,0
260, 2019/12/11 19:00:00,988.1,988.5,9.9,6.6,8.7,33.2,14.466,1906,3600,13.6,0
261, 2019/12/11 20:00:00,986.9,987.3,11.7,6.5,9.5,31.9,14.036,1939,3600,14.9,0
262, 2019/12/11 21:00:00,986,986.4,13.2,6.3,11.1,29.5,14.013,2001,3600,15.9,0
263, 2019/12/11 22:00:00,985.72,986,13.4,6.1,10.5,31.6,14,1997,3600,16.2,0
264, 2019/12/11 23:00:00,985.29,985.4,9.7,6,6.6,41.7,12.963,2009,3600,13.5,0
265, 2019/12/12 00:00:00,984.43,984.7,6,6,3.6,53.4,12.831,2027,3600,10.1,0
266, 2019/12/12 01:00:00,984.2,984.2,3.7,6,4.7,51,12.781,2025,3600,7.8,0
267, 2019/12/12 02:00:00,983.34,983.7,5.7,6.2,6.3,47.7,12.76,2025,3600,8.6,0
268, 2019/12/12 03:00:00,982.54,982.9,7.1,6.2,5.6,53.2,12.731,2038,3600,9.6,0
269, 2019/12/12 04:00:00,981.59,981.9,6.7,6.3,5.3,59.5,12.728,2041,3600,9.3,0
270, 2019/12/12 05:00:00,980.96,981.2,7,6.4,5.6,61.8,12.705,2000,3600,9.5,0
271, 2019/12/12 06:00:00,980.67,980.8,7,6.6,5.5,61.4,12.701,2122,3600,9.6,0
272, 2019/12/12 07:00:00,979.86,980.2,7.2,6.7,6.1,57.1,12.682,2040,3600,9.7,0
273, 2019/12/12 08:00:00,979.47,979.8,7.3,6.8,6,58.7,12.686,2104,3600,9.9,0
274, 2019/12/12 09:00:00,979.97,980.2,7.1,6.8,6.1,60,12.67,2081,3600,9.8,0
275, 2019/12/12 10:00:00,979.38,979.5,7.9,7.1,6.8,60,12.659,2107,3600,10.4,0
276, 2019/12/12 11:00:00,978.85,979,8.1,7.2,6.7,62.4,12.647,2059,3600,10.6,0
277, 2019/12/12 12:00:00,978.95,979.2,8.3,7.4,6.5,59.4,12.625,2045,3601,10.8,0
278, 2019/12/12 13:00:00,979.11,979.3,8,7.3,5.8,59.7,12.625,2074,3600,10.6,0
279, 2019/12/12 14:00:00,979.54,979.7,6.9,7.3,5.2,58.1,12.62,2047,3600,9.8,0
280, 2019/12/12 15:00:00,979.82,980.1,7.3,7.3,6.2,55.1,13.075,2119,3600,10.1,0
281, 2019/12/12 16:00:00,980.39,980.6,8.6,7.3,7.6,53.3,13.38,1971,3600,11.1,0
282, 2019/12/12 17:00:00,980.14,980.4,10,7.1,8.9,52.8,13.756,2136,3600,12.6,0
283, 2019/12/12 18:00:00,979.61,979.7,12,6.9,10.2,52.8,14.432,2061,3600,14.7,0
284, 2019/12/12 19:00:00,978.76,979.1,13.5,6.8,10.8,51.5,14.381,2156,3600,16.6,0
285, 2019/12/12 20:00:00,977.79,978.2,14.4,6.6,11.4,50.2,13.949,2220,3600,17.5,0
286, 2019/12/12 21:00:00,977.55,977.9,13.9,6.5,11,51.9,13.289,2097,3600,17,0
287, 2019/12/12 22:00:00,977.34,977.8,12.7,6.4,10.2,53.9,12.97,2117,3600,15.9,0
288, 2019/12/12 23:00:00,977.74,977.9,10.9,6.4,7.6,62.7,12.835,2133,3600,14.3,0
289, 2019/12/13 00:00:00,977.91,978.2,8.4,6.5,5.7,70.8,12.791,2111,3600,12,0
290, 2019/12/13 01:00:00,977.9,978,7.2,6.5,5.1,73,12.763,2069,3600,10.7,0
291, 2019/12/13 02:00:00,977.88,978.1,6.4,6.5,3.9,78.4,12.738,2071,3600,9.7,0
292, 2019/12/13 03:00:00,977.72,978.1,4.7,6.6,2.7,85,12.711,2058,3600,8.3,0
293, 2019/12/13 04:00:00,977.38,977.6,2.4,6.7,1,89.7,12.679,2091,3600,6.2,0
294, 2019/12/13 05:00:00,977.36,977.4,0.7,6.8,-1,95.9,12.648,2101,3600,4.4,0
295, 2019/12/13 06:00:00,976.81,976.9,-0.2,6.8,-1.4,95.4,12.621,2085,3600,3.2,0
296, 2019/12/13 07:00:00,976.55,976.5,-1.1,6.9,-2.2,98,12.597,2109,3600,2.2,0
297, 2019/12/13 08:00:00,975.88,976,-1.8,7,-3.4,97.4,12.574,2087,3600,1.2,0
298, 2019/12/13 09:00:00,975.48,975.7,-2.6,6.9,-4.3,97.8,12.553,2106,3601,0.3,0
299, 2019/12/13 10:00:00,975.25,975.3,-3.2,7,-4.8,97.4,12.533,2200,3600,-0.4,0
300, 2019/12/13 11:00:00,974.42,974.6,-2.9,7.1,-3.6,96.7,12.521,2202,3600,-0.4,0
301, 2019/12/13 12:00:00,974.48,974.5,-1.8,7.3,-1.9,97.9,12.516,2112,3600,0.4,0
302, 2019/12/13 13:00:00,974.01,974.2,-0.4,7.3,-2.1,96.9,12.513,2191,3600,1.5,0
303, 2019/12/13 14:00:00,973.9,974,-0.8,7.3,-2.1,98.2,12.529,2206,3600,1.5,0
304, 2019/12/13 15:00:00,974.12,974.2,0.2,7.4,-0.4,95.8,13.245,2220,3600,2.3,0
305, 2019/12/13 16:00:00,973.65,974,2.2,7.5,2.2,92.8,13.152,2079,3600,4.3,0
306, 2019/12/13 17:00:00,972.91,973.2,5.7,7.5,6.2,75.8,13.705,2186,3600,7.7,0
307, 2019/12/13 18:00:00,971.61,971.9,9.9,7.3,10.5,53.7,13.326,2274,3600,12.2,0
308, 2019/12/13 19:00:00,970.03,970.4,13.6,7,12.9,41.1,14.395,2297,3600,16.3,0
309, 2019/12/13 20:00:00,969.68,970.2,15.5,6.7,12.9,39.6,14.321,2311,3600,18.4,0
310, 2019/12/13 21:00:00,969.65,970,15.3,6.5,11.8,45.3,13.95,2209,3600,18.4,0
311, 2019/12/13 22:00:00,969.94,970.2,14.7,6.4,11,47.5,13.207,2223,3600,17.9,0
312, 2019/12/13 23:00:00,970.13,970.4,12.2,6.4,8.7,51.2,12.912,2283,3600,15.8,0
313, 2019/12/14 00:00:00,971.65,971.8,8.9,6.5,6.4,58.5,12.812,2266,3600,12.7,0
314, 2019/12/14 01:00:00,971.71,971.8,7.5,6.6,5.8,61.8,12.772,2253,3601,11,0
315, 2019/12/14 02:00:00,972.04,972.2,7.5,6.6,5.6,65,12.746,2249,3600,10.5,0
316, 2019/12/14 03:00:00,972.43,972.7,6.7,6.7,4.5,74.3,12.7,2155,3600,9.7,0
317, 2019/12/14 04:00:00,972.86,973,5.9,6.7,4,75.2,12.696,2143,3600,8.9,0
318, 2019/12/14 05:00:00,973.71,974,5.5,6.8,4,74.5,12.675,2264,3600,8.3,0
319, 2019/12/14 06:00:00,973.97,974.2,5.3,6.9,3.3,76.9,12.666,2144,3600,8,0
320, 2019/12/14 07:00:00,974.14,974.3,4.7,7,2.9,77.9,12.649,2119,3600,7.5,0
321, 2019/12/14 08:00:00,974.47,974.8,3.8,7.1,1.4,79.4,12.627,2200,3600,6.6,0
322, 2019/12/14 09:00:00,975,975.2,3,7.3,0.2,83.2,12.61,2180,3600,5.7,0
323, 2019/12/14 10:00:00,975.26,975.5,2.1,7.4,-0.3,84.7,12.588,2132,3600,4.8,0
324, 2019/12/14 11:00:00,975.37,975.6,1.6,7.6,-0.6,83.2,12.573,2134,3600,4.2,0
325, 2019/12/14 12:00:00,975.79,976,1.5,7.7,-0.4,81.3,12.561,2085,3600,4,0
326, 2019/12/14 13:00:00,976.15,976.4,1.6,7.7,-0.5,79.5,12.552,2113,3600,4,0
327, 2019/12/14 14:00:00,976.71,976.7,1.4,7.7,-0.6,78.1,12.547,2189,3600,3.9,0
328, 2019/12/14 15:00:00,977.2,977.2,1.3,7.7,-1.2,77.4,12.597,2231,3600,3.7,0
329, 2019/12/14 16:00:00,978.06,978.2,1.2,7.8,-1.5,74.1,12.754,2165,3600,3.6,0
330, 2019/12/14 17:00:00,978.33,978.6,2.1,7.7,-0.7,68.7,13.847,2180,3601,4.6,0
331, 2019/12/14 18:00:00,977.98,978.3,2.9,7.6,0.4,65.1,14.711,2192,3600,5.6,0
332, 2019/12/14 19:00:00,977.21,977.4,3.3,7.5,0.2,59.8,14.702,2239,3600,5.8,0
333, 2019/12/14 20:00:00,975.76,976.1,3.7,7.4,-0.1,60.1,14.625,2137,3600,6.1,0
334, 2019/12/14 21:00:00,975.84,976.2,3,7.3,-0.3,59.5,13.32,2195,3600,5.5,0
335, 2019/12/14 22:00:00,976.21,976.5,2.2,7.2,-0.6,59.8,13.072,2264,3600,4.8,0
336, 2019/12/14 23:00:00,976.74,976.7,1.3,7.1,-1.6,61.3,12.836,2187,3600,3.9,0
337, 2019/12/15 00:00:00,977.12,977.2,0.2,7,-2.3,61.8,12.773,2129,3600,3,0
338, 2019/12/15 01:00:00,977.46,977.5,-0.7,6.9,-2.9,63.3,12.734,2188,3600,2.1,0
339, 2019/12/15 02:00:00,977.77,977.9,-1.2,6.9,-3.5,65.1,12.704,2127,3600,1.5,0
340, 2019/12/15 03:00:00,977.85,978.1,-1.7,6.9,-4.1,65.3,12.676,2051,3600,0.8,0
341, 2019/12/15 04:00:00,978.08,978.3,-2.1,7,-4.4,66.6,12.65,2131,3600,0.4,0
342, 2019/12/15 05:00:00,978.14,978.3,-2.3,7,-4.4,66.8,12.624,2106,3601,0.1,0
343, 2019/12/15 06:00:00,978.21,978.4,-2.4,6.9,-4.6,69,12.595,2119,3600,0,0
344, 2019/12/15 07:00:00,977.37,977.5,-2.5,7,-4.8,70,12.565,2113,3600,-0.2,0
345, 2019/12/15 08:00:00,977.87,978,-2.7,7.1,-4.8,71.5,12.536,2096,3600,-0.4,0
346, 2019/12/15 09:00:00,978.18,978.5,-2.7,7.1,-4.8,72.5,12.516,2114,3600,-0.4,0
347, 2019/12/15 10:00:00,978.24,978.5,-2.7,7.1,-4.8,72.2,12.507,2134,3600,-0.4,0
348, 2019/12/15 11:00:00,977.97,978.2,-2.7,7.1,-5.3,80.8,12.501,2108,3600,-0.5,0
349, 2019/12/15 12:00:00,977.58,977.8,-3.2,7.2,-5.7,89.5,12.494,2179,3600,-0.9,0
350, 2019/12/15 13:00:00,977.4,977.7,-3.4,7.2,-5.7,91.5,12.49,2141,3600,-1.2,0
351, 2019/12/15 14:00:00,977.13,977.4,-3.6,7.3,-6,92.8,12.488,2159,3600,-1.3,0
352, 2019/12/15 15:00:00,977.77,978,-3.6,7.4,-5.9,92.6,12.501,2063,3601,-1.4,0
353, 2019/12/15 16:00:00,978.21,978.5,-3.3,7.6,-5.5,91.1,12.524,2121,3600,-1.2,0
354, 2019/12/15 17:00:00,977.94,978.3,-2.8,7.8,-5.2,89.3,12.543,2099,3600,-0.8,0
355, 2019/12/15 18:00:00,977.52,977.7,-2.8,7.9,-5.3,93,12.544,2025,3600,-0.6,0
356, 2019/12/15 19:00:00,977.26,977.6,-2.2,8,-5.3,91.8,12.524,2011,3600,-0.2,0
357, 2019/12/15 20:00:00,977.1,977.4,-2.3,8.1,-5.1,92.6,12.532,2111,3600,-0.1,0
358, 2019/12/15 21:00:00,977.44,977.6,-2.4,8.2,-5.4,93.5,12.519,1960,3600,-0.2,0
359, 2019/12/15 22:00:00,977.63,977.8,-2.4,8.3,-5.2,92.9,12.515,1984,3600,-0.2,0
360, 2019/12/15 23:00:00,978.35,978.7,-2.8,8.3,-5.3,91.4,12.492,1980,3600,-0.6,0
361, 2019/12/16 00:00:00,978.7,979,-3,8.3,-5.1,90.3,12.49,2026,3600,-0.7,0
362, 2019/12/16 01:00:00,979.66,979.9,-2.9,8.3,-4.9,90.4,12.487,1886,3601,-0.7,0
363, 2019/12/16 02:00:00,980.56,980.6,-2.9,8.3,-5,88.1,12.485,1890,3600,-0.7,0
364, 2019/12/16 03:00:00,980.76,980.9,-3,8.3,-5.3,87.7,12.483,1858,3600,-0.8,0
365, 2019/12/16 04:00:00,981.11,981.3,-3.3,8.3,-5.5,88.5,12.48,1871,3600,-1,0
366, 2019/12/16 05:00:00,981.09,981.2,-3.5,8.2,-5.6,88.9,12.477,1913,3600,-1.2,0
367, 2019/12/16 06:00:00,980.12,980.3,-3.6,8.2,-5.8,89.9,12.474,1989,3600,-1.4,0
368, 2019/12/16 07:00:00,981.09,981.3,-3.7,8.2,-5.8,89.1,12.472,1884,3600,-1.5,0
369, 2019/12/16 08:00:00,982,982.2,-3.7,8.2,-5.8,90.1,12.47,1825,3600,-1.5,0
370, 2019/12/16 09:00:00,982.7,982.9,-3.7,8.2,-5.7,91.2,12.469,1864,3600,-1.5,0
371, 2019/12/16 10:00:00,982.22,982.4,-3.6,8.2,-5.5,91.3,12.468,1873,3601,-1.4,0
372, 2019/12/16 11:00:00,982.04,982.3,-3.5,8.3,-5.4,88.8,12.467,1858,3600,-1.3,0
373, 2019/12/16 12:00:00,982.75,982.9,-3.5,8.3,-5.6,88.7,12.466,1875,3600,-1.4,0
374, 2019/12/16 13:00:00,983.24,983.4,-3.7,8.2,-5.7,87.7,12.464,1895,3600,-1.4,0
375, 2019/12/16 14:00:00,983.55,983.8,-3.8,8.3,-6,88.1,12.463,1915,3600,-1.6,0
376, 2019/12/16 15:00:00,984.13,984.4,-3.7,8.4,-6,89.5,12.48,1895,3600,-1.5,0
377, 2019/12/16 16:00:00,985.02,985.2,-3.1,8.5,-5.5,88,12.512,1907,3600,-1,0
378, 2019/12/16 17:00:00,985.07,985.3,-2.2,8.6,-5,85.3,13.118,1863,3600,-0.2,0
379, 2019/12/16 18:00:00,984.77,985.1,-0.6,8.5,-4,81.1,13.365,1807,3600,1.1,0
380, 2019/12/16 19:00:00,984.16,984.5,0,8.4,-4.1,84.3,13.295,1873,3600,1.9,0
381, 2019/12/16 20:00:00,983.98,984.3,-0.1,8.4,-3.7,84.2,13.38,1891,3601,2,0
382, 2019/12/16 21:00:00,984.45,984.6,-0.3,8.4,-3.9,85.2,13.272,1759,3600,1.9,0
383, 2019/12/16 22:00:00,984.94,985.2,-0.9,8.4,-3.9,84.3,13.14,1909,3600,1.5,0
384, 2019/12/16 23:00:00,985.66,985.8,-1.8,8.3,-5.2,86.3,12.915,1770,3600,0.6,0
385, 2019/12/17 00:00:00,986.21,986.4,-4.2,8.2,-6.3,90.9,12.747,1789,3600,-1.5,0
386, 2019/12/17 01:00:00,986.8,986.9,-6.7,8.1,-9.3,97.7,12.677,1853,3600,-3.9,0
387, 2019/12/17 02:00:00,987.05,987.5,-9.2,8,-12.2,93.7,12.62,1870,3600,-6.3,0
388, 2019/12/17 03:00:00,987.46,987.9,-11.4,7.8,-13.2,91.8,12.566,1904,3600,-8.6,0
389, 2019/12/17 04:00:00,987.77,988.4,-12.7,7.8,-15.4,90.7,12.517,1856,3600,-10.2,0
390, 2019/12/17 05:00:00,988.49,988.8,-13.4,7.8,-14.6,90.9,12.472,1772,3601,-11.1,0
391, 2019/12/17 06:00:00,988.64,989.1,-14,7.7,-14.8,90.7,12.428,1779,3600,-11.9,0
392, 2019/12/17 07:00:00,988.9,989.5,-14.1,7.7,-14.4,90.6,12.4,1905,3600,-12,0
393, 2019/12/17 08:00:00,988.69,989.4,-12.1,7.9,-12.6,92.1,12.389,1822,3600,-10.5,0
394, 2019/12/17 09:00:00,989,989.6,-11,8,-11.9,92.7,12.385,1796,3600,-9.5,0
395, 2019/12/17 10:00:00,988.46,989.2,-10.6,7.9,-12.5,92.3,12.385,1765,3601,-9,0
396, 2019/12/17 11:00:00,988.63,989.3,-10.6,8,-11.9,92.6,12.378,1772,3600,-8.8,0
397, 2019/12/17 12:00:00,988.75,989.4,-10.3,8,-12.3,92.3,12.381,1834,3600,-8.4,0
398, 2019/12/17 13:00:00,988.92,989.6,-10.6,7.9,-12.3,92.5,12.378,1774,3600,-8.6,0
399, 2019/12/17 14:00:00,989.24,990,-11.4,7.9,-12.5,92.3,12.459,1759,3600,-9.1,0
400, 2019/12/17 15:00:00,989.51,990.2,-10,8,-10.7,91.6,14.94,1841,3600,-7.8,0
401, 2019/12/17 16:00:00,990.02,990.4,-6.5,8,-8.8,93.2,14.955,1879,3601,-4.2,0
402, 2019/12/17 17:00:00,989.82,990.2,-3.8,8,-6.3,93,13.535,1861,3600,-0.4,0
403, 2019/12/17 18:00:00,988.92,989.3,-1.9,8,-4,83.3,13.415,1843,3600,2.4,0
404, 2019/12/17 19:00:00,987.94,988.3,0.4,7.9,-2.6,77.2,14.786,1839,3600,4.2,0
405, 2019/12/17 20:00:00,987.4,987.8,1.8,7.8,-2,74.7,14.346,1842,3600,5.1,0
406, 2019/12/17 21:00:00,986.99,987.4,2.8,7.7,-0.9,71.4,14.314,1808,3600,5.6,0
407, 2019/12/17 22:00:00,987.27,987.5,2.6,7.5,-1.6,72.7,14.336,1909,3600,5.3,0
408, 2019/12/17 23:00:00,987.47,987.7,0.7,7.4,-3.2,76.9,13.125,1808,3600,3.3,0
409, 2019/12/18 00:00:00,987.42,987.7,-2.5,7.4,-4.4,84,12.831,1786,3600,0.6,0
410, 2019/12/18 01:00:00,987.5,987.8,-6.2,7.4,-9,95.9,12.75,1881,3600,-3,0
411, 2019/12/18 02:00:00,987.81,988.3,-7.3,7.4,-6.1,86.9,12.71,1898,3600,-4.2,0
412, 2019/12/18 03:00:00,987.4,987.8,-7.9,7.4,-8.7,96.8,12.682,1850,3601,-5.3,0
413, 2019/12/18 04:00:00,987.56,988,-8.6,7.4,-10.3,96.1,12.658,1840,3600,-6.2,0
414, 2019/12/18 05:00:00,988.05,988.5,-9.2,7.4,-10.9,95.1,12.64,1829,3600,-6.9,0
415, 2019/12/18 06:00:00,987.91,988.6,-10.1,7.4,-11.8,94.6,12.621,1838,3600,-7.7,0
416, 2019/12/18 07:00:00,987.76,988.3,-10.5,7.4,-12.5,92.7,12.609,1760,3600,-8.3,0
417, 2019/12/18 08:00:00,987.57,988.3,-11.1,7.4,-12.7,92.7,12.595,1764,3600,-8.9,0
418, 2019/12/18 09:00:00,988.27,989,-11.5,7.4,-13.4,93.1,12.584,1816,3601,-9.3,0
419, 2019/12/18 10:00:00,988.41,989.2,-12.1,7.4,-13.7,91.7,12.571,1866,3600,-9.9,0
420, 2019/12/18 11:00:00,988.51,989.2,-12.7,7.3,-13.8,92.9,12.559,1812,3600,-10.5,0
421, 2019/12/18 12:00:00,988.73,989.4,-13,7.3,-14,92.3,12.547,1838,3600,-10.8,0
422, 2019/12/18 13:00:00,989.19,989.8,-13.4,7.3,-14.6,91.6,12.537,1788,3600,-11.3,0
423, 2019/12/18 14:00:00,989.05,989.7,-13.6,7.3,-14.4,91.4,12.724,1808,3600,-11.4,0
424, 2019/12/18 15:00:00,988.96,989.8,-11.1,7.5,-10.6,87.3,14.942,1812,3601,-9,0
425, 2019/12/18 16:00:00,989.44,990,-6.5,7.7,-8,87.8,14.951,1834,3600,-4.3,0
426, 2019/12/18 17:00:00,988.53,989.1,-2.4,7.7,-1.4,70.8,13.733,1811,3600,1,0
427, 2019/12/18 18:00:00,987.48,988,1.5,7.7,0.8,63.3,13.638,1831,3600,5.1,0
428, 2019/12/18 19:00:00,986.21,986.6,4.2,7.6,2.2,63.5,14.246,1868,3600,7.5,0
429, 2019/12/18 20:00:00,985.18,985.8,5.8,7.5,4.1,57.9,14.18,1844,3600,9,0
430, 2019/12/18 21:00:00,984.59,985.2,7.3,7.3,5.1,57.4,14.154,1921,3600,10.4,0
431, 2019/12/18 22:00:00,984.26,984.9,7.4,7.2,4.7,58.3,14.184,1842,3600,10.4,0
432, 2019/12/18 23:00:00,984.34,985,5.8,7.1,3.1,64.9,13.025,1852,3600,9,0
433, 2019/12/19 00:00:00,984.01,984.6,4.5,7.1,3.6,62.8,12.828,1833,3600,7.6,0
434, 2019/12/19 01:00:00,983.91,984.4,4.6,7.2,3.2,65.1,12.786,1829,3600,7.3,0
435, 2019/12/19 02:00:00,983.64,984.2,4.4,7.3,3.2,63.7,12.76,2014,3600,7.1,0
436, 2019/12/19 03:00:00,983.4,984,4.3,7.4,3.5,58.6,12.742,1854,3600,6.9,0
437, 2019/12/19 04:00:00,983.13,983.6,4.5,7.4,3.2,56.8,12.728,1879,3601,7,0
438, 2019/12/19 05:00:00,983.02,983.6,4.3,7.3,3.3,53,12.714,1881,3600,6.9,0
439, 2019/12/19 06:00:00,982.98,983.5,4.2,7.2,3.3,52.7,12.703,1912,3600,6.8,0
440, 2019/12/19 07:00:00,982.8,983.3,4.1,7.2,3.1,52.3,12.691,1896,3600,6.7,0
441, 2019/12/19 08:00:00,982.81,983.2,3.8,7.1,3,49.4,12.68,1892,3600,6.4,0
442, 2019/12/19 09:00:00,983.15,983.4,3.3,7,2.7,49.9,12.669,1870,3600,6,0
443, 2019/12/19 10:00:00,982.82,983.1,3.3,6.9,2.1,50.4,12.66,1919,3600,6,0
444, 2019/12/19 11:00:00,982.72,983.1,2.5,6.8,1.3,53.3,12.649,1923,3600,5.3,0
445, 2019/12/19 12:00:00,982.74,983.1,1.9,6.8,1.9,50.8,12.637,1940,3600,4.7,0
446, 2019/12/19 13:00:00,982.86,983.2,2.3,6.8,1.5,52.9,12.633,1903,3600,4.9,0
447, 2019/12/19 14:00:00,982.99,983.2,1.2,6.7,0.6,56.1,12.789,1918,3600,4.1,0
448, 2019/12/19 15:00:00,983.12,983.5,2.4,6.7,2.6,51.1,14.704,1927,3600,5.4,0
449, 2019/12/19 16:00:00,983.19,983.8,5.2,6.6,3.9,48,14.62,1862,3600,8.3,0
450, 2019/12/19 17:00:00,983.11,983.7,6.9,6.4,5.2,46.5,14.567,1866,3600,10.6,0
451, 2019/12/19 18:00:00,982.35,982.9,8,6.5,6.3,44.8,14.149,1978,3600,11.9,0
452, 2019/12/19 19:00:00,981.69,982.2,9.3,6.4,7.8,42,14.089,1970,3600,12.7,0
453, 2019/12/19 20:00:00,981.34,981.8,10.7,6.4,9.1,39.8,14.06,2003,3601,13.7,0
454, 2019/12/19 21:00:00,981.04,981.5,11.5,6.2,9.2,37.4,14.027,1936,3600,14.3,0
455, 2019/12/19 22:00:00,981.17,981.6,10.8,6.1,8,41.6,13.925,1913,3600,13.8,0
456, 2019/12/19 23:00:00,981.44,981.8,8.3,6.1,6.1,46.3,12.895,2001,3600,11.8,0
457, 2019/12/20 00:00:00,981.6,982.1,7,6.1,5.9,47.2,12.806,1908,3600,10.4,0
458, 2019/12/20 01:00:00,981.74,982.3,6.8,6.1,6,45.5,12.773,1942,3600,9.9,0
459, 2019/12/20 02:00:00,982,982.6,7.1,6.1,5.6,45.9,12.755,1927,3600,9.9,0
460, 2019/12/20 03:00:00,982.59,983.2,6.4,6.1,4.9,46.2,12.734,1917,3600,9.3,0
461, 2019/12/20 04:00:00,982.74,983.3,6.3,6.1,5,43.3,12.718,1995,3600,9.1,0
462, 2019/12/20 05:00:00,983.29,983.8,5.6,6.1,3.9,46.8,12.699,1949,3600,8.5,0
463, 2019/12/20 06:00:00,983.83,984.1,3.4,6,0.9,59.8,12.672,1988,3600,6.8,0
464, 2019/12/20 07:00:00,983.55,983.9,3.1,6.1,3.2,50.4,12.655,1866,3600,6.2,0
465, 2019/12/20 08:00:00,983.12,983.6,4.6,6.2,4.3,46.4,12.651,1982,3600,7.1,0
466, 2019/12/20 09:00:00,983.25,983.8,5.3,6.3,4.1,48.4,12.647,1946,3600,7.8,0
467, 2019/12/20 10:00:00,983.28,983.8,5,6.3,3.2,53.8,12.639,1844,3600,7.6,0
468, 2019/12/20 11:00:00,983.06,983.6,4.9,6.3,3.7,53.5,12.63,1916,3600,7.5,0
469, 2019/12/20 12:00:00,982.81,983.4,5.3,6.4,3.7,54.7,12.627,1901,3600,7.8,0
470, 2019/12/20 13:00:00,983.88,984.4,5.4,6.5,3.5,57.1,12.623,1934,3600,7.8,0
471, 2019/12/20 14:00:00,984.17,984.7,5,6.5,3.1,59.8,12.621,1897,3600,7.5,0
472, 2019/12/20 15:00:00,984.64,985.1,4.8,6.5,3.3,60.9,12.701,1898,3601,7.3,0
473, 2019/12/20 16:00:00,985.2,985.8,5.5,6.6,4.5,58.8,13.046,1965,3600,7.9,0
474, 2019/12/20 17:00:00,985.39,985.8,6.7,6.6,6.2,53.2,13.372,1915,3600,9.2,0
475, 2019/12/20 18:00:00,985.09,985.5,8.5,6.5,7.1,52.3,13.243,1896,3600,11.4,0
476, 2019/12/20 19:00:00,984.17,984.6,9.9,6.5,8,48.8,14.507,1935,3600,12.8,0
477, 2019/12/20 20:00:00,984.01,984.5,11,6.5,8.7,48.5,14.46,1948,3600,13.8,0
478, 2019/12/20 21:00:00,984.36,984.9,12.2,6.4,9.4,42.6,14.03,1910,3600,14.8,0
479, 2019/12/20 22:00:00,984.76,985.2,12.3,6.2,9.5,43.6,14.025,1970,3600,15.1,0
480, 2019/12/20 23:00:00,985.54,985.9,10,6.2,6,53,12.986,1910,3600,13.5,0
481, 2019/12/21 00:00:00,986.19,986.4,4,6.3,2.7,71.2,12.806,1935,3600,8.5,0
482, 2019/12/21 01:00:00,986.38,986.6,1.2,6.4,-0.9,83.1,12.746,1958,3600,5.4,0
483, 2019/12/21 02:00:00,986.74,987.1,-0.4,6.5,-2.4,88.6,12.705,1929,3600,3.4,0
484, 2019/12/21 03:00:00,987,987.3,-1.5,6.6,-2.2,89.1,12.673,1871,3600,2,0
485, 2019/12/21 04:00:00,987.62,987.9,-2.2,6.6,-4,93.9,12.647,1864,3600,1,0
486, 2019/12/21 05:00:00,987.82,988.2,-2.9,6.7,-4.4,93.8,12.622,1891,3600,0.1,0
487, 2019/12/21 06:00:00,987.92,988.2,-3.6,6.7,-5.3,95,12.598,1837,3600,-0.6,0
488, 2019/12/21 07:00:00,987.61,987.8,-4.2,6.8,-5.7,95.6,12.575,1978,3601,-1.3,0
489, 2019/12/21 08:00:00,987.74,988.1,-4.7,6.8,-6.1,95,12.558,1934,3600,-1.9,0
490, 2019/12/21 09:00:00,988.45,988.8,-4.8,6.9,-5.8,96.5,12.543,1939,3600,-2.2,0
491, 2019/12/21 10:00:00,987.89,988.2,-5.1,6.9,-6.7,95.5,12.531,1933,3600,-2.5,0
492, 2019/12/21 11:00:00,988.05,988.4,-5.2,6.9,-6.2,96.2,12.524,1957,3600,-2.7,0
493, 2019/12/21 12:00:00,987.81,988.3,-5.6,7,-7.1,95.1,12.515,1883,3600,-3.1,0
494, 2019/12/21 13:00:00,988.07,988.5,-5.6,7,-6.2,98.1,12.512,1958,3600,-3.1,0
495, 2019/12/21 14:00:00,988.73,989.1,-4.8,7.1,-5.6,97,12.59,1909,3600,-2.5,0
496, 2019/12/21 15:00:00,989.32,989.7,-3.4,7.2,-3.8,91.2,14.886,1827,3600,-1,0
497, 2019/12/21 16:00:00,988.97,989.5,0,7.2,1.3,87.3,14.776,1874,3601,2.4,0
498, 2019/12/21 17:00:00,988.59,989.1,3.4,7.1,2.9,79,13.747,1916,3600,6.1,0
499, 2019/12/21 18:00:00,987.45,988,5.7,7.1,5.3,71.3,13.381,1922,3600,9,0
500, 2019/12/21 19:00:00,986.76,987.3,7.4,7.1,5.1,73.8,14.15,1918,3600,10.7,0
501, 2019/12/21 20:00:00,986.28,986.7,8.8,7.1,6.6,64,14.095,1948,3600,11.8,0
502, 2019/12/21 21:00:00,985.52,986,10.2,7,7.9,57.8,14.058,1925,3600,12.8,0
503, 2019/12/21 22:00:00,985.39,986,10.9,6.8,8.1,55.5,14.059,1890,3600,13.6,0
504, 2019/12/21 23:00:00,985.41,985.9,9,6.8,3.9,70.1,12.974,1922,3600,12.3,0
505, 2019/12/22 00:00:00,986.13,986.4,3.4,6.9,1,79.7,12.815,1917,3600,7.7,0
506, 2019/12/22 01:00:00,986.05,986.4,1.7,7.1,2.8,79.5,12.759,1914,3600,5.6,0
507, 2019/12/22 02:00:00,986.42,986.7,3.4,7.1,3,87,12.736,1882,3600,6.2,0
508, 2019/12/22 03:00:00,986.22,986.5,3.6,7.2,2.3,92.8,12.717,1907,3600,6.3,0
509, 2019/12/22 04:00:00,985.97,986.3,3.3,7.3,2.1,92,12.698,1988,3600,6,0
510, 2019/12/22 05:00:00,986.34,986.5,2.5,7.3,1.6,94.3,12.674,1934,3600,5.4,0
511, 2019/12/22 06:00:00,986.3,986.5,2.5,7.4,1.4,96.9,12.656,1833,3600,5.1,0
512, 2019/12/22 07:00:00,986.02,986.4,3,7.5,2.1,96.9,12.64,1893,3600,5.5,0
513, 2019/12/22 08:00:00,985.86,986.2,3.8,7.7,2.4,96.2,12.624,1960,3601,6.1,0
514, 2019/12/22 09:00:00,985.93,986.3,3.9,7.8,2.3,95.9,12.611,1933,3600,6.3,0
515, 2019/12/22 10:00:00,985.62,985.9,4.1,7.8,2.2,95.9,12.602,1845,3600,6.5,0
516, 2019/12/22 11:00:00,985.14,985.4,3.1,7.7,1,97.7,12.59,1898,3600,5.8,0
517, 2019/12/22 12:00:00,985.31,985.5,1.7,7.8,0.1,97.9,12.577,1892,3600,4.7,0
518, 2019/12/22 13:00:00,984.88,985.3,0.6,7.7,-0.4,98.6,12.566,1934,3600,3.7,0
519, 2019/12/22 14:00:00,984.5,984.9,0.6,7.8,0.5,91.7,12.649,2016,3600,3.4,0
520, 2019/12/22 15:00:00,985.22,985.4,1.6,7.8,1.5,88.1,14.729,1947,3600,4.7,0
521, 2019/12/22 16:00:00,984.95,985.4,4.7,7.7,4.9,74.6,14.65,1945,3600,7.7,0
522, 2019/12/22 17:00:00,984.53,985.1,7.9,7.5,8.1,61.8,13.591,1946,3600,10.9,0
523, 2019/12/22 18:00:00,983.31,984,10.6,7.2,10.6,51.2,13.219,1980,3600,13.8,0
524, 2019/12/22 19:00:00,982.23,982.8,13.3,7,12.3,44.8,14.368,1916,3600,16.3,0
525, 2019/12/22 20:00:00,981.26,981.9,15.3,6.9,13.4,40.1,13.908,2000,3600,18.1,0